"Player","Team","POS","ATT","YDS","TDS","REC","YDS","TDS","FL","FPTS"
" "," ","","",""
"Saquon Barkley","PHI","RB1","327.8","1,667.2","10.8","41.9","317.9","2.2","1.4","273.7"
"Bijan Robinson","ATL","RB2","304.1","1,418.7","11.4","57.7","438.4","2.2","1.4","264.4"
"Jahmyr Gibbs","DET","RB3","240.0","1,239.8","11.7","57.7","506.9","2.8","1.3","258.7"
"Derrick Henry","BAL","RB4","302.0","1,534.7","13.5","16.4","152.5","0.9","1.4","252.3"
"Ja'Marr Chase","CIN","WR1","1.6","12.7","0.0","120.7","1,586.2","12.2","0.6","232.2"
"Christian McCaffrey","SF","RB5","243.5","1,103.9","8.0","64.9","563.7","3.5","1.8","232.2"
"Jonathan Taylor","IND","RB6","310.4","1,412.1","10.6","28.6","205.1","1.3","1.6","230.1"
"Josh Jacobs","GB","RB7","290.6","1,232.4","11.5","37.9","315.9","1.5","1.5","229.2"
"De'Von Achane","MIA","RB8","218.4","1,017.1","7.6","68.9","508.1","3.9","1.3","218.5"
"Ashton Jeanty","LV","RB9","272.8","1,219.7","9.0","45.9","362.4","1.9","2.4","218.5"
"Kyren Williams","LAR","RB10","284.5","1,223.7","11.5","33.7","213.6","1.7","2.3","217.9"
"Bucky Irving","TB","RB11","241.6","1,137.3","8.4","44.5","344.0","1.7","1.4","206.3"
"Justin Jefferson","MIN","WR2","0.5","2.2","0.0","106.4","1,480.5","9.8","0.6","205.7"
"James Cook","BUF","RB12","232.1","1,087.7","9.7","31.4","259.0","1.9","1.4","201.6"
"Chase Brown","CIN","RB13","242.9","1,011.2","8.1","54.6","382.9","2.7","1.4","201.4"
"CeeDee Lamb","DAL","WR3","9.2","59.3","0.3","110.9","1,385.8","8.0","1.0","192.2"
"Puka Nacua","LAR","WR4","10.7","61.2","0.6","104.9","1,362.7","6.9","0.6","186.2"
"James Conner","ARI","RB14","217.8","985.2","8.1","40.8","312.8","1.7","1.4","185.2"
"Malik Nabers","NYG","WR5","2.6","12.2","0.0","107.0","1,344.0","8.2","0.6","183.9"
"Nico Collins","HOU","WR6","0.0","1.6","0.0","92.1","1,311.7","8.9","0.5","183.5"
"Kenneth Walker III","SEA","RB15","239.0","981.8","8.3","42.9","304.5","1.3","1.3","183.3"
"Brian Thomas Jr.","JAC","WR7","3.8","24.9","0.0","91.9","1,298.1","8.6","0.6","182.7"
"Chuba Hubbard","CAR","RB16","246.3","1,087.9","8.0","37.9","230.6","1.0","1.8","182.2"
"Omarion Hampton","LAC","RB17","225.0","977.7","8.5","35.7","276.8","1.5","2.1","181.2"
"Alvin Kamara","NO","RB18","222.7","926.7","5.3","63.0","475.6","2.0","1.3","181.2"
"Breece Hall","NYJ","RB19","221.3","988.7","5.8","46.4","380.1","2.1","1.9","180.6"
"Amon-Ra St. Brown","DET","WR8","1.9","12.6","0.1","110.3","1,263.2","8.8","0.9","178.9"
"A.J. Brown","PHI","WR9","0.0","0.0","0.0","84.9","1,243.6","8.4","0.9","172.7"
"Drake London","ATL","WR10","0.3","2.0","0.0","95.9","1,232.7","8.2","0.6","171.5"
"Tyreek Hill","MIA","WR11","7.2","40.5","0.1","94.2","1,182.7","7.7","0.6","168.3"
"David Montgomery","DET","RB20","199.1","836.7","9.0","31.4","257.7","0.9","1.0","166.7"
"D'Andre Swift","CHI","RB21","237.0","961.3","6.1","36.6","284.1","1.2","1.1","166.5"
"Mike Evans","TB","WR12","0.0","0.0","0.0","79.7","1,072.0","9.9","0.5","165.9"
"Ladd McConkey","LAC","WR13","0.0","1.4","0.0","90.5","1,209.5","7.4","0.7","163.9"
"Tee Higgins","CIN","WR14","0.0","0.0","0.0","86.6","1,099.9","8.9","0.9","161.7"
"TreVeyon Henderson","NE","RB22","210.6","925.2","5.9","33.7","263.0","1.5","1.7","160.1"
"Tony Pollard","TEN","RB23","233.2","979.4","5.5","40.0","257.5","0.9","1.0","160.0"
"Davante Adams","LAR","WR15","0.3","0.0","0.0","85.2","1,100.3","8.3","0.5","159.1"
"Terry McLaurin","WAS","WR16","1.1","4.8","0.0","83.2","1,110.0","8.2","0.9","158.9"
"Aaron Jones Sr.","MIN","RB24","198.2","887.1","4.4","44.8","329.4","2.3","1.8","158.0"
"DK Metcalf","PIT","WR17","0.0","1.2","0.0","77.8","1,138.0","7.3","1.3","154.9"
"Marvin Harrison Jr.","ARI","WR18","0.0","3.2","0.0","78.9","1,089.6","7.6","1.0","153.0"
"Jaxon Smith-Njigba","SEA","WR19","2.7","20.7","0.0","93.7","1,102.6","6.6","0.6","150.8"
"Brock Bowers","LV","TE1","0.0","8.0","0.0","106.1","1,129.3","6.1","0.5","149.4"
"George Kittle","SF","TE2","0.0","0.0","0.0","75.8","1,029.5","7.5","0.5","146.7"
"Xavier Worthy","KC","WR20","15.4","84.4","1.3","71.3","884.3","7.1","0.5","146.4"
"Zay Flowers","BAL","WR21","8.2","48.4","0.1","75.9","1,034.4","6.3","0.5","145.8"
"Isiah Pacheco","KC","RB25","203.0","836.0","5.7","33.1","226.2","1.0","1.0","144.7"
"RJ Harvey","DEN","RB26","182.5","791.6","5.4","33.4","256.8","1.6","1.3","144.4"
"Courtland Sutton","DEN","WR22","0.0","0.2","0.0","76.5","1,015.8","7.4","0.9","144.2"
"DJ Moore","CHI","WR23","9.5","53.8","0.1","87.1","1,013.4","6.3","0.9","143.7"
"Jameson Williams","DET","WR24","7.4","63.4","0.8","60.8","963.5","6.1","0.5","143.2"
"Joe Mixon","HOU","RB27","184.5","736.1","6.6","31.0","237.1","1.3","0.9","143.1"
"Garrett Wilson","NYJ","WR25","1.9","13.5","0.0","90.5","1,083.8","6.0","1.3","143.0"
"Kaleb Johnson","PIT","RB28","196.7","828.7","6.4","23.2","178.0","1.0","1.7","141.8"
"Calvin Ridley","TEN","WR26","5.6","33.4","0.3","70.1","1,025.2","6.0","0.9","141.7"
"Tyrone Tracy Jr.","NYG","RB29","189.4","806.8","5.0","35.4","261.0","1.1","1.6","139.8"
"Trey McBride","ARI","TE3","0.0","1.5","0.0","104.4","1,052.7","5.8","0.5","139.5"
"George Pickens","DAL","WR27","1.0","6.2","0.0","69.2","1,012.6","6.4","0.9","138.7"
"DeVonta Smith","PHI","WR28","0.3","1.2","0.0","81.2","976.9","6.8","0.5","137.6"
"Jerry Jeudy","CLE","WR29","0.3","4.8","0.0","81.3","1,096.9","4.1","0.6","133.9"
"Deebo Samuel Sr.","WAS","WR30","29.2","124.2","1.2","64.8","830.0","5.1","1.0","131.2"
"Tetairoa McMillan","CAR","WR31","0.5","7.4","0.0","73.9","962.1","5.8","1.2","129.2"
"Jaylen Warren","PIT","RB30","149.6","682.5","3.6","47.5","347.2","1.1","1.1","129.0"
"Jakobi Meyers","LV","WR32","1.2","8.9","0.0","82.3","964.6","5.3","0.5","128.3"
"Jaylen Waddle","MIA","WR33","2.5","16.1","0.1","75.5","965.4","4.9","0.5","126.6"
"Quinshon Judkins","CLE","RB31","184.2","754.2","5.0","23.0","173.9","1.0","1.3","126.4"
"Matthew Golden","GB","WR34","0.5","9.4","0.0","64.1","891.4","6.0","0.8","124.3"
"Jauan Jennings","SF","WR35","3.6","15.7","0.1","67.8","892.5","5.2","0.6","121.7"
"Travis Hunter","JAC","WR36","3.8","21.7","0.1","68.5","890.2","5.2","0.8","121.5"
"Rome Odunze","CHI","WR37","1.3","8.0","0.0","65.7","885.4","5.4","0.9","119.8"
"Jordan Mason","MIN","RB32","163.6","753.7","4.6","17.6","128.9","0.7","0.7","118.7"
"Chris Olave","NO","WR38","0.3","2.8","0.0","76.4","946.3","4.4","1.3","118.6"
"Keon Coleman","BUF","WR39","0.3","3.8","0.0","52.4","824.7","6.1","0.5","118.5"
"Jayden Reed","GB","WR40","11.8","93.5","0.7","55.3","740.9","5.3","0.9","118.0"
"Rashid Shaheed","NO","WR41","7.7","47.4","0.1","57.5","860.5","4.8","1.3","117.9"
"Austin Ekeler","WAS","RB33","101.8","452.9","4.5","45.1","369.4","1.7","1.0","117.7"
"Jordan Addison","MIN","WR42","1.2","11.2","0.3","60.9","799.7","6.0","0.4","117.7"
"Stefon Diggs","NE","WR43","1.3","6.9","0.2","77.6","853.1","5.1","0.5","117.2"
"J.K. Dobbins","DEN","RB34","145.9","648.7","4.7","29.1","187.3","1.2","1.2","116.8"
"Travis Etienne Jr.","JAC","RB35","147.5","596.8","3.9","38.4","284.9","1.2","0.9","116.5"
"Sam LaPorta","DET","TE4","0.0","0.0","0.0","67.9","761.4","6.8","0.4","116.1"
"Ricky Pearsall","SF","WR44","7.0","53.4","0.3","59.5","804.2","4.9","0.6","116.0"
"Mark Andrews","BAL","TE5","0.0","2.0","0.0","58.8","701.7","7.7","0.8","114.8"
"Rashee Rice","KC","WR45","1.1","4.5","0.0","69.2","809.9","5.7","0.6","114.5"
"Chris Godwin","TB","WR46","1.6","8.6","0.0","69.4","802.8","5.6","0.6","113.9"
"Rhamondre Stevenson","NE","RB36","154.2","630.2","4.9","28.0","177.7","1.1","1.5","113.8"
"Michael Pittman Jr.","IND","WR47","0.3","2.0","0.0","78.4","887.8","4.2","0.9","112.5"
"Javonte Williams","DAL","RB37","167.8","623.0","4.2","32.8","208.2","0.9","0.6","112.5"
"Cooper Kupp","SEA","WR48","1.3","9.0","0.0","72.5","805.0","5.3","0.6","112.3"
"Khalil Shakir","BUF","WR49","0.3","3.0","0.0","71.9","814.1","4.9","0.6","110.0"
"Zach Charbonnet","SEA","RB38","129.0","544.4","4.5","32.9","241.8","0.9","0.8","109.6"
"Darnell Mooney","ATL","WR50","0.0","1.5","0.0","58.6","830.9","4.5","0.4","109.4"
"Emeka Egbuka","TB","WR51","1.6","11.5","0.0","61.0","772.4","5.3","1.1","108.3"
"T.J. Hockenson","MIN","TE6","0.0","0.0","0.0","76.3","800.1","4.9","0.5","108.2"
"Marvin Mims Jr.","DEN","WR52","11.9","49.4","0.1","52.7","697.9","5.4","0.6","106.6"
"Travis Kelce","KC","TE7","0.0","0.5","0.0","79.4","758.1","5.2","0.9","105.4"
"Josh Downs","IND","WR53","0.3","5.8","0.0","69.2","770.1","4.5","0.5","103.7"
"Tank Bigsby","JAC","RB39","160.7","645.8","5.2","11.4","83.2","0.2","1.2","102.8"
"Rashod Bateman","BAL","WR54","0.0","0.6","0.0","45.6","686.3","5.6","0.1","101.8"
"David Njoku","CLE","TE8","0.0","0.0","0.0","76.8","738.6","4.9","0.8","101.7"
"Jacory Croskey-Merritt","WAS","RB40","132.3","554.1","4.6","16.5","131.8","0.8","0.8","99.3"
"Tyjae Spears","TEN","RB41","118.2","476.9","3.5","33.6","251.5","1.0","0.9","98.3"
"Rachaad White","TB","RB42","107.3","439.5","2.7","36.4","275.6","2.1","1.3","97.8"
"Najee Harris","LAC","RB43","129.9","531.6","4.4","20.8","150.3","0.8","0.8","97.7"
"Jerome Ford","CLE","RB44","135.4","547.2","2.9","30.8","212.1","0.9","0.8","97.4"
"Tyler Warren","IND","TE9","0.0","10.5","0.0","63.2","681.8","4.7","1.1","95.3"
"Cam Skattebo","NYG","RB45","120.4","526.6","3.4","24.2","185.9","0.9","1.2","94.7"
"Tucker Kraft","GB","TE10","0.0","0.0","0.0","55.2","652.7","4.8","0.8","92.5"
"Marquise Brown","KC","WR55","0.3","2.0","0.0","53.8","663.9","4.4","0.2","92.5"
"Cedric Tillman","CLE","WR56","0.7","0.8","0.0","56.1","703.7","4.0","0.9","92.4"
"Keenan Allen","LAC","WR57","0.3","2.0","0.0","55.6","640.5","4.8","0.6","91.8"
"Adam Thielen","CAR","WR58","0.0","1.8","0.0","61.5","656.4","4.4","0.5","90.9"
"Trey Benson","ARI","RB46","127.3","567.1","3.7","13.7","105.2","0.4","0.9","90.4"
"Brian Robinson Jr.","WAS","RB47","116.5","491.7","4.4","15.7","119.8","0.8","0.9","90.1"
"Jayden Higgins","HOU","WR59","0.7","4.0","0.0","50.6","671.8","3.8","0.4","89.6"
"Kyle Pitts Sr.","ATL","TE11","0.0","0.0","0.0","50.9","641.7","4.2","0.1","89.2"
"Nick Chubb","HOU","RB48","127.9","522.5","4.6","10.6","80.0","0.4","0.5","89.2"
"Christian Kirk","HOU","WR60","0.7","4.0","0.0","53.0","684.3","3.7","0.8","89.1"
"Jaylen Wright","MIA","RB49","136.9","562.4","3.4","14.1","98.2","0.6","1.5","86.9"
"Xavier Legette","CAR","WR61","6.2","28.9","0.1","54.5","617.0","3.8","0.5","86.9"
"Dallas Goedert","PHI","TE12","0.0","0.0","0.0","57.1","632.8","3.9","0.5","85.8"
"Tyler Allgeier","ATL","RB50","119.8","549.3","3.3","12.6","92.3","0.3","0.8","84.3"
"Jaydon Blue","DAL","RB51","108.6","475.2","2.9","20.4","158.5","0.8","0.8","84.0"
"Zach Ertz","WAS","TE13","0.0","0.0","0.0","57.8","537.2","5.1","0.1","83.8"
"Dalton Kincaid","BUF","TE14","0.0","0.0","0.0","57.1","604.3","4.0","0.5","83.7"
"Dylan Sampson","CLE","RB52","119.0","474.7","2.4","22.8","178.3","0.9","0.8","83.5"
"Evan Engram","DEN","TE15","0.0","0.0","0.0","68.9","613.9","4.0","0.9","83.4"
"Jake Ferguson","DAL","TE16","0.0","0.0","0.0","67.9","622.9","3.8","1.2","82.7"
"Ray Davis","BUF","RB53","109.2","467.4","3.5","12.4","105.6","1.0","0.8","82.6"
"Romeo Doubs","GB","WR62","0.0","0.5","0.0","45.2","575.0","4.3","0.5","82.2"
"Wan'Dale Robinson","NYG","WR63","2.0","15.6","0.0","69.4","625.3","3.1","0.5","81.9"
"Joshua Palmer","BUF","WR64","0.0","0.5","0.0","42.0","589.1","3.5","0.1","79.9"
"Hunter Henry","NE","TE17","0.0","0.0","0.0","55.0","574.8","3.9","0.4","79.8"
"Brandon Aiyuk","SF","WR65","0.0","0.8","0.0","39.9","611.3","3.2","0.5","79.6"
"DeMario Douglas","NE","WR66","2.1","15.9","0.0","55.7","589.0","3.1","0.2","79.0"
"Isaac Guerendo","SF","RB54","106.3","467.0","3.8","10.6","92.8","0.4","0.9","78.8"
"Tyler Lockett","TEN","WR67","0.0","0.0","0.0","49.6","577.5","3.5","0.1","78.4"
"Luther Burden III","CHI","WR68","3.6","27.2","0.4","45.9","558.2","3.3","1.1","78.1"
"Colston Loveland","CHI","TE18","0.0","0.0","0.0","53.6","562.3","3.8","0.8","77.4"
"Isaiah Likely","BAL","TE19","0.0","0.0","0.0","41.4","491.4","4.8","0.7","76.7"
"Braelon Allen","NYJ","RB55","111.5","425.5","3.0","16.4","122.1","0.8","0.4","76.5"
"Michael Wilson","ARI","WR69","1.9","8.9","0.1","43.8","524.4","3.9","0.5","76.4"
"Cade Otton","TB","TE20","0.0","0.0","0.0","52.0","530.4","4.0","0.5","76.2"
"Alec Pierce","IND","WR70","0.0","0.0","0.0","31.3","539.3","3.5","0.1","74.6"
"Rico Dowdle","CAR","RB56","92.9","409.3","2.4","21.0","143.5","1.1","0.8","74.2"
"Tre' Harris","LAC","WR71","0.7","3.8","0.0","40.8","544.3","3.4","0.7","73.9"
"Brenton Strange","JAC","TE21","0.0","0.0","0.0","55.2","550.6","3.3","0.5","73.8"
"Calvin Austin III","PIT","WR72","2.3","11.8","0.1","39.6","529.1","3.4","0.5","73.7"
"Darren Waller","MIA","TE22","0.0","0.0","0.0","49.6","545.8","3.2","0.1","73.3"
"Jonnu Smith","PIT","TE23","0.0","1.5","0.0","50.4","522.8","3.8","0.9","73.3"
"Bhayshul Tuten","JAC","RB57","89.2","389.2","2.7","17.3","136.9","0.8","0.8","72.2"
"Roschon Johnson","CHI","RB58","86.2","316.8","4.5","15.8","105.2","0.5","0.1","71.5"
"Quentin Johnston","LAC","WR73","1.7","7.2","0.0","34.9","458.0","4.1","0.4","70.7"
"Mike Gesicki","CIN","TE24","0.0","0.0","0.0","51.0","502.8","3.4","0.4","69.9"
"Juwan Johnson","NO","TE25","0.0","0.0","0.0","48.9","501.1","3.3","0.2","69.6"
"MarShawn Lloyd","GB","RB59","105.6","381.3","2.9","13.5","108.4","0.7","0.8","69.2"
"Dalton Schultz","HOU","TE26","0.0","0.0","0.0","49.7","509.2","3.1","0.4","68.9"
"Chig Okonkwo","TEN","TE27","0.0","3.0","0.0","52.9","528.1","2.9","0.8","68.8"
"Kareem Hunt","KC","RB60","81.2","310.5","3.3","19.0","131.2","0.7","0.1","68.3"
"Ray-Ray McCloud III","ATL","WR74","7.5","52.8","0.2","44.4","486.5","2.6","1.2","67.9"
"Jack Bech","LV","WR75","1.0","4.3","0.0","41.7","518.6","2.8","0.7","67.6"
"Dyami Brown","JAC","WR76","0.7","6.8","0.0","39.2","504.4","2.8","0.5","67.0"
"Darius Slayton","NYG","WR77","1.4","6.4","0.0","34.1","513.3","2.4","0.2","66.3"
"Pat Freiermuth","PIT","TE28","0.0","0.0","0.0","49.9","480.5","3.3","0.9","66.2"
"Jalen Nailor","MIN","WR78","1.8","4.1","0.0","32.9","430.1","3.9","0.4","66.2"
"Josh Reynolds","NYJ","WR79","0.0","0.0","0.0","36.5","479.4","3.0","0.1","65.5"
"Tutu Atwell","LAR","WR80","4.3","20.2","0.1","39.1","497.2","2.2","0.1","65.2"
"Nick Westbrook-Ikhine","MIA","WR81","0.0","1.3","0.0","31.4","427.5","3.7","0.1","64.7"
"DeAndre Hopkins","BAL","WR82","0.0","0.5","0.0","32.0","412.6","3.9","0.1","64.6"
"Miles Sanders","DAL","RB61","93.4","403.1","2.3","12.0","77.2","0.6","0.5","64.4"
"Tyler Higbee","LAR","TE29","0.0","0.0","0.0","45.3","424.9","3.7","0.1","64.3"
"Mason Taylor","NYJ","TE30","0.0","0.0","0.0","48.1","485.1","2.7","0.8","63.3"
"Theo Johnson","NYG","TE31","0.0","0.0","0.0","43.1","472.3","2.7","0.1","63.2"
"Kyle Williams","NE","WR83","2.1","13.3","0.0","35.5","454.5","2.7","0.4","62.1"
"Woody Marks","HOU","RB62","73.8","271.4","1.8","23.9","173.6","1.1","0.1","61.6"
"Kendre Miller","NO","RB63","91.8","355.5","3.1","9.7","72.6","0.2","0.4","61.6"
"Jalen Tolbert","DAL","WR84","0.0","0.0","0.0","34.6","404.1","3.5","0.1","61.4"
"Raheem Mostert","LV","RB64","77.2","289.8","2.6","17.6","129.3","0.5","0.8","59.4"
"Brandin Cooks","NO","WR85","1.7","3.8","0.0","37.0","421.0","2.8","0.1","59.3"
"Elijah Arroyo","SEA","TE32","0.0","0.0","0.0","40.0","423.5","2.8","0.4","58.4"
"Tre Tucker","LV","WR86","5.6","31.5","0.3","30.9","397.1","2.2","0.1","58.1"
"Skyy Moore","SF","WR87","0.0","0.0","0.0","35.1","423.2","2.6","0.0","57.9"
"Troy Franklin","DEN","WR88","1.1","6.1","0.0","30.9","386.0","3.1","0.1","57.9"
"Andrei Iosivas","CIN","WR89","0.0","0.0","0.0","30.4","365.6","3.4","0.1","56.8"
"Justice Hill","BAL","RB65","41.8","184.9","1.1","27.3","222.0","1.7","0.4","56.6"
"Jordan Whittington","LAR","WR90","1.1","13.9","0.0","34.1","397.7","2.4","0.1","55.6"
"Diontae Johnson","CLE","WR91","0.0","2.3","0.0","34.9","429.1","2.2","0.6","55.4"
"Marquez Valdes-Scantling","SEA","WR92","2.7","10.4","0.1","23.9","394.1","2.3","0.0","54.8"
"Tory Horton","SEA","WR93","1.0","8.7","0.0","33.4","424.9","2.1","0.7","54.3"
"Blake Corum","LAR","RB66","84.2","312.5","2.1","12.0","87.4","0.3","0.4","54.0"
"Jalen Coker","CAR","WR94","0.0","2.3","0.0","31.8","416.6","2.0","0.1","53.8"
"Will Dissly","LAC","TE33","0.0","0.0","0.0","38.6","378.0","2.5","0.1","53.0"
"Dontayvion Wicks","GB","WR95","0.0","1.3","0.0","27.4","346.2","3.0","0.0","52.8"
"Noah Fant","CIN","TE34","0.0","0.0","0.0","37.2","381.0","2.4","0.1","52.6"
"Noah Brown","WAS","WR96","0.0","0.0","0.0","31.8","406.5","1.9","0.1","51.8"
"Christian Watson","GB","WR97","4.3","17.0","0.0","19.9","366.6","2.3","0.4","51.6"
"Ty Johnson","BUF","RB67","44.9","205.3","0.9","15.2","165.4","1.4","0.1","51.3"
"Ja'Tavion Sanders","CAR","TE35","0.0","0.0","0.0","38.5","389.5","2.1","0.1","51.1"
"Adonai Mitchell","IND","WR98","2.3","10.7","0.1","27.9","355.9","2.2","0.2","50.2"
"Pat Bryant","DEN","WR99","0.0","0.0","0.0","28.6","344.9","2.6","0.1","49.9"
"Keaton Mitchell","BAL","RB68","66.0","299.8","1.5","8.6","82.3","0.5","0.0","49.9"
"Dont'e Thornton Jr.","LV","WR100","0.0","2.0","0.0","28.0","369.3","2.1","0.1","49.8"
"Kayshon Boutte","NE","WR101","0.0","0.0","0.0","26.8","359.4","2.3","0.1","49.4"
"Devaughn Vele","NO","WR102","0.0","1.7","0.0","31.7","350.3","2.3","0.1","48.8"
"Elic Ayomanor","TEN","WR103","0.0","7.5","0.0","28.6","336.3","2.2","0.1","47.4"
"Tyler Conklin","LAC","TE36","0.0","0.0","0.0","33.5","325.7","2.3","0.0","46.2"
"Russell Gage Jr.","SF","WR104","0.0","0.0","0.0","29.1","324.9","2.3","0.0","46.2"
"Noah Gray","KC","TE37","0.0","0.0","0.0","29.4","299.0","2.7","0.0","45.8"
"K.J. Osborn","WAS","WR105","0.0","0.0","0.0","28.1","311.3","2.4","0.0","45.6"
"Curtis Samuel","BUF","WR106","6.6","29.3","0.1","27.0","272.4","2.5","0.1","45.5"
"Allen Lazard","NYJ","WR107","0.0","0.0","0.0","24.6","318.9","2.2","0.1","45.2"
"AJ Barner","SEA","TE38","0.0","0.0","0.0","32.7","304.9","2.4","0.1","44.8"
"Jaylin Noel","HOU","WR108","0.0","13.0","0.0","25.5","304.3","2.2","0.1","44.7"
"Tai Felton","MIN","WR109","0.0","3.7","0.0","24.8","298.9","2.3","0.0","44.2"
"Samaje Perine","CIN","RB69","41.2","165.5","1.3","17.5","152.9","0.9","0.4","44.2"
"Jarquez Hunter","LAR","RB70","57.1","244.7","1.9","8.5","68.7","0.4","0.7","43.8"
"Tahj Brooks","CIN","RB71","48.8","233.9","1.9","10.0","78.5","0.5","0.7","43.7"
"Anthony Miller","BAL","WR110","0.0","0.0","0.0","25.4","278.0","2.6","0.0","43.3"
"Greg Dortch","ARI","WR111","4.8","30.6","0.1","28.0","278.2","2.1","0.4","43.2"
"Antonio Gibson","NE","RB72","51.4","210.1","1.0","15.7","128.0","0.5","0.0","42.6"
"Cole Kmet","CHI","TE39","0.0","0.0","0.0","30.2","291.0","2.3","0.4","41.9"
"Ollie Gordon II","MIA","RB73","51.6","228.8","2.0","7.8","60.6","0.4","0.7","41.6"
"Van Jefferson","TEN","WR112","0.0","0.0","0.0","23.5","300.4","1.9","0.1","41.0"
"Elijah Mitchell","KC","RB74","60.5","228.8","1.8","8.2","47.2","0.4","0.1","40.9"
"Roman Wilson","PIT","WR113","0.0","0.0","0.0","22.9","290.3","2.0","0.1","40.7"
"Malik Washington","MIA","WR114","2.0","13.8","0.1","27.5","288.9","1.8","0.6","40.4"
"Kenneth Gainwell","PIT","RB75","58.5","210.6","1.4","12.5","88.5","0.4","0.4","39.8"
"Kyle Monangai","CHI","RB76","42.0","236.8","2.0","5.0","36.2","0.1","0.1","39.3"
"Devin Singletary","NYG","RB77","52.1","236.2","1.5","9.4","63.6","0.1","0.4","39.2"
"Trevor Etienne","CAR","RB78","47.8","191.3","1.5","10.7","86.5","0.4","0.4","38.3"
"Tim Patrick","DET","WR115","0.0","0.0","0.0","20.5","256.5","2.0","0.1","37.4"
"Foster Moreau","NO","TE40","0.0","0.0","0.0","23.0","259.9","1.9","0.1","37.2"
"Jalen McMillan","TB","WR116","1.4","11.0","0.0","18.1","227.2","2.3","0.4","36.8"
"Khalil Herbert","IND","RB79","60.4","215.4","1.6","7.7","43.8","0.2","0.0","36.5"
"KaVontae Turpin","DAL","WR117","8.4","58.5","0.5","17.0","206.0","1.4","0.7","36.5"
"Parker Washington","JAC","WR118","0.0","8.5","0.0","24.7","261.7","1.6","0.1","36.3"
"Will Shipley","PHI","RB80","37.4","199.7","1.3","8.3","61.8","0.4","0.1","36.3"
"Demarcus Robinson","SF","WR119","0.0","1.0","0.0","15.5","244.3","2.0","0.0","36.2"
"Sean Tucker","TB","RB81","44.8","231.3","1.4","5.2","40.2","0.3","0.7","36.1"
"Devin Neal","NO","RB82","38.8","204.5","1.3","7.3","54.5","0.4","0.1","35.9"
"Jermaine Burton","CIN","WR120","0.0","2.0","0.0","18.2","240.9","2.0","0.1","35.8"
"Austin Hooper","NE","TE41","0.0","0.0","0.0","26.6","264.3","1.7","0.4","35.7"
"Dawson Knox","BUF","TE42","0.0","0.0","0.0","21.9","238.7","1.9","0.0","35.3"
"Chimere Dike","TEN","WR121","2.1","8.9","0.0","18.9","246.0","1.6","0.1","35.1"
"Oronde Gadsden II","LAC","TE43","0.0","0.0","0.0","23.6","239.3","1.8","0.1","34.8"
"Michael Mayer","LV","TE44","0.0","0.0","0.0","27.3","253.1","1.6","0.1","34.6"
"Jaleel McLaughlin","DEN","RB83","30.5","142.6","0.8","18.2","110.3","0.9","0.5","34.3"
"Harold Fannin Jr.","CLE","TE45","0.0","0.0","0.0","26.5","260.8","1.5","0.4","34.2"
"Terrance Ferguson","LAR","TE46","0.0","0.0","0.0","23.0","235.2","1.9","0.4","34.1"
"Tyler Johnson","NYJ","WR122","0.0","0.0","0.0","22.1","233.9","1.7","0.0","33.7"
"Zamir White","LV","RB84","56.2","190.4","1.1","8.7","61.4","0.3","0.0","33.5"
"Robbie Ouzts","SEA","TE47","0.0","0.0","0.0","25.0","245.9","1.5","0.5","32.8"
"A.J. Dillon","PHI","RB85","50.1","199.1","1.6","3.6","28.6","0.1","0.0","32.7"
"Emanuel Wilson","GB","RB86","33.5","175.2","1.2","7.4","53.9","0.4","0.3","31.9"
"JuJu Smith-Schuster","KC","WR123","0.0","0.0","0.0","20.1","221.1","1.6","0.1","31.2"
"Josh Oliver","MIN","TE48","0.0","0.0","0.0","20.2","210.8","1.7","0.1","31.2"
"DJ Giddens","IND","RB87","23.6","163.2","1.3","7.6","56.4","0.1","0.0","30.3"
"Luke McCaffrey","WAS","WR124","0.0","1.0","0.0","19.1","200.7","1.4","0.1","28.7"
"Tommy Tremble","CAR","TE49","0.0","0.0","0.0","19.2","184.1","1.7","0.4","27.7"
"Luke Musgrave","GB","TE50","0.0","0.0","0.0","19.1","186.3","1.4","0.0","27.1"
"A.T. Perry","DEN","WR125","0.0","0.0","0.0","13.7","180.5","1.5","0.0","26.9"
"Brock Wright","DET","TE51","0.0","0.0","0.0","15.0","134.8","2.2","0.0","26.4"
"Gunnar Helm","TEN","TE52","0.0","0.0","0.0","20.2","200.8","1.1","0.4","26.1"
"Jordan James","SF","RB88","26.9","154.4","1.3","3.3","29.2","0.0","0.0","26.0"
"Zay Jones","ARI","WR126","0.0","2.0","0.0","16.8","179.9","1.3","0.1","25.7"
"Audric Estime","DEN","RB89","45.5","149.1","0.9","5.8","40.1","0.2","0.4","25.1"
"Amar Johnson","GB","RB90","35.0","164.0","1.0","2.0","26.0","0.0","0.0","25.0"
"Robert Woods","PIT","WR127","0.0","0.0","0.0","17.4","180.8","1.2","0.1","25.0"
"Ben Sinnott","WAS","TE53","0.0","0.0","0.0","16.8","166.8","1.4","0.1","24.9"
"Taysom Hill","NO","TE54","0.0","50.0","1.0","12.3","104.7","0.7","0.3","24.8"
"Kalif Raymond","DET","WR128","0.0","4.0","0.0","14.7","184.2","1.2","0.6","24.7"
"Isaiah Davis","NYJ","RB91","30.7","152.3","0.9","5.0","36.5","0.1","0.0","24.6"
"Zavier Scott","MIN","WR129","32.0","153.0","1.0","3.0","29.0","0.0","0.0","24.2"
"Chris Rodriguez Jr.","WAS","RB92","25.1","143.5","1.3","2.6","19.0","0.0","0.0","24.1"
"Kyle Juszczyk","SF","RB93","6.7","26.8","0.4","14.1","135.4","1.0","0.4","24.1"
"KhaDarel Hodge","ATL","WR130","0.0","0.0","0.0","13.5","176.6","1.0","0.1","23.6"
"Elijah Moore","BUF","WR131","0.0","1.3","0.0","14.5","160.3","1.2","0.0","23.5"
"Cade Stover","HOU","TE55","0.0","0.0","0.0","16.9","160.5","1.2","0.0","23.3"
"Chris Brooks","GB","RB94","30.9","139.1","0.9","5.0","32.1","0.0","0.0","22.9"
"Jalen Royals","KC","WR132","0.0","2.5","0.0","12.9","156.2","1.2","0.0","22.8"
"Jalin Hyatt","NYG","WR133","0.0","0.0","0.0","13.1","174.0","0.9","0.0","22.8"
"Kendrick Bourne","NE","WR134","1.1","6.8","0.0","14.6","167.6","0.9","0.0","22.6"
"Isaac TeSlaa","DET","WR135","0.0","0.0","0.0","10.7","155.2","1.1","0.0","22.3"
"Jeremy Ruckert","NYJ","TE56","0.0","0.0","0.0","17.7","153.3","1.2","0.0","22.3"
"Adam Trautman","DEN","TE57","0.0","0.0","0.0","12.6","136.5","1.4","0.0","21.8"
"Jahan Dotson","PHI","WR136","0.0","1.7","0.0","13.0","149.4","1.0","0.0","20.8"
"Clyde Edwards-Helaire","NO","RB95","36.6","113.0","0.6","5.6","42.7","0.3","0.1","20.3"
"Charlie Woerner","ATL","TE58","0.0","0.0","0.0","14.6","139.0","1.1","0.0","20.3"
"Luke Schoonmaker","DAL","TE59","0.0","0.0","0.0","14.9","132.7","1.2","0.0","20.1"
"Tyler Goodson","IND","RB96","30.0","109.7","0.7","4.7","31.3","0.3","0.0","20.1"
"Kimani Vidal","LAC","RB97","35.4","105.5","0.6","5.4","41.2","0.3","0.0","20.1"
"Jelani Woods","IND","TE60","0.0","0.0","0.0","8.0","137.0","1.0","0.0","19.7"
"Casey Washington","ATL","WR137","0.0","0.0","0.0","11.3","135.6","1.0","0.0","19.6"
"Brashard Smith","KC","RB98","9.9","78.9","0.5","7.6","56.3","0.5","0.0","19.3"
"Sincere McCormick","LV","RB99","23.7","112.9","0.8","4.3","29.9","0.1","0.1","19.2"
"Emari Demercado","ARI","RB100","18.7","106.1","0.4","8.1","54.1","0.1","0.0","19.1"
"Grant Calcaterra","PHI","TE61","0.0","0.0","0.0","12.6","138.9","0.9","0.0","19.0"
"Daniel Bellinger","NYG","TE62","0.0","0.0","0.0","14.9","139.8","0.8","0.0","18.9"
"Malachi Corley","NYJ","WR138","2.3","13.5","0.1","11.7","125.1","0.8","0.1","18.9"
"Jaylin Lane","WAS","WR139","2.2","13.5","0.1","10.4","120.1","0.8","0.1","18.8"
"Michael Gallup","WAS","WR140","0.0","0.0","0.0","11.3","128.3","1.0","0.0","18.7"
"Ty Chandler","MIN","RB101","18.9","96.3","0.7","5.5","38.8","0.1","0.0","18.4"
"Jake Bobo","SEA","WR141","0.0","0.0","0.0","11.4","132.5","0.9","0.0","18.3"
"Pierre Strong Jr.","CLE","RB102","26.3","83.8","0.4","8.4","63.9","0.2","0.0","18.3"
"Julian Hill","MIA","TE63","0.0","0.0","0.0","14.7","133.4","0.9","0.4","18.2"
"Payne Durham","TB","TE64","0.0","0.0","0.0","11.1","108.4","1.2","0.0","18.2"
"Jake Briningstool","KC","TE65","0.0","0.0","0.0","12.0","121.0","1.0","0.0","18.1"
"Arian Smith","NYJ","WR142","0.0","3.5","0.0","11.2","134.3","0.7","0.0","17.9"
"Jha'Quan Jackson","TEN","WR143","0.0","1.7","0.0","11.4","138.2","0.8","0.5","17.7"
"Savion Williams","GB","WR144","4.4","16.4","0.1","9.1","104.8","0.8","0.0","17.5"
"Elijah Higgins","ARI","TE66","0.0","0.0","0.0","11.4","110.3","1.1","0.0","17.4"
"Jamari Thrash","CLE","WR145","0.0","0.0","0.0","12.3","144.7","0.5","0.2","17.1"
"Josh Whyle","TEN","TE67","0.0","0.0","0.0","14.5","134.2","0.6","0.0","16.9"
"Tim Jones","MIN","WR146","0.0","0.0","0.0","10.3","115.9","0.9","0.1","16.9"
"Erik Ezukanma","MIA","WR147","0.0","0.0","0.0","10.8","120.8","0.8","0.0","16.8"
"Xavier Restrepo","TEN","WR148","0.0","2.0","0.0","10.0","105.0","1.0","0.0","16.7"
"Darnell Washington","PIT","TE68","0.0","0.0","0.0","12.3","123.3","0.7","0.0","16.6"
"Johnny Mundt","JAC","TE69","0.0","0.0","0.0","13.4","115.2","0.8","0.0","16.5"
"Cam Akers","NO","RB103","31.2","100.0","0.6","3.0","20.4","0.1","0.0","16.1"
"Kalel Mullings","TEN","RB104","10.4","96.5","0.6","3.0","21.8","0.0","0.0","15.8"
"Damien Martinez","SEA","RB105","8.8","97.5","0.6","3.0","21.9","0.0","0.0","15.8"
"Connor Heyward","PIT","TE70","0.0","0.0","0.0","10.1","87.7","1.2","0.0","15.7"
"Colby Parkinson","LAR","TE71","0.0","0.0","0.0","10.6","106.5","0.9","0.0","15.7"
"Jeff Wilson Jr.","SF","RB106","29.0","92.4","0.5","2.8","22.2","0.2","0.0","15.6"
"Dameon Pierce","HOU","RB107","4.5","81.5","0.7","5.8","40.2","0.1","1.0","15.4"
"Mack Hollins","NE","WR149","0.0","1.7","0.0","8.2","102.2","0.8","0.0","15.1"
"DeAndre Carter","CLE","WR150","0.0","2.0","0.0","10.9","128.7","0.5","0.5","15.0"
"Chris Blair","ATL","WR151","0.0","0.0","0.0","9.4","106.1","0.7","0.0","15.0"
"Xavier Hutchinson","HOU","WR152","0.0","0.0","0.0","9.9","108.4","0.7","0.0","14.9"
"Olamide Zaccheaus","CHI","WR153","1.1","6.0","0.0","9.4","100.6","0.7","0.1","14.9"
"Drew Ogletree","IND","TE72","0.0","0.0","0.0","7.6","97.0","0.8","0.0","14.7"
"Tylan Wallace","BAL","WR154","0.0","1.7","0.0","6.7","87.8","0.9","0.0","14.2"
"Trey Palmer","TB","WR155","0.0","0.0","0.0","8.6","94.3","0.8","0.0","14.2"
"Rasheen Ali","BAL","RB108","5.2","80.8","0.6","2.4","17.7","0.1","0.0","13.6"
"Jeremy McNichols","WAS","RB109","19.7","73.6","0.7","2.7","15.3","0.0","0.0","13.4"
"Simi Fehoko","ARI","WR156","0.0","0.0","0.0","7.6","91.7","0.7","0.0","13.2"
"Michael Burton","DEN","RB110","6.7","14.6","0.6","7.1","45.6","0.6","0.0","13.0"
"Drew Sample","CIN","TE73","0.0","0.0","0.0","10.4","82.9","0.8","0.0","12.8"
"Craig Reynolds","DET","RB111","8.5","38.0","0.1","6.9","55.1","0.4","0.0","12.3"
"Ronnie Rivers","LAR","RB112","31.7","90.3","0.5","0.3","2.3","0.0","0.0","12.2"
"Pharaoh Brown","MIA","TE74","0.0","0.0","0.0","10.0","93.4","0.5","0.0","12.1"
"Travis Homer","CHI","RB113","21.6","69.8","0.3","3.4","25.7","0.1","0.0","12.1"
"Nate Adkins","DEN","TE75","0.0","0.0","0.0","7.0","54.8","1.1","0.0","12.0"
"Teagan Quitoriano","ATL","TE76","0.0","0.0","0.0","5.5","89.0","0.5","0.0","11.9"
"Sterling Shepard","TB","WR157","0.8","7.0","0.0","7.7","80.4","0.5","0.0","11.9"
"Lawrence Cager","WAS","WR158","0.0","0.0","0.0","5.5","57.0","1.0","0.0","11.7"
"Alec Ingold","MIA","RB114","8.9","21.2","0.6","6.1","44.1","0.4","0.4","11.6"
"KeAndre Lambert-Smith","LAC","WR159","0.0","3.0","0.0","5.9","77.7","0.6","0.0","11.4"
"Hunter Renfrow","CAR","WR160","0.0","0.0","0.0","9.3","91.4","0.4","0.0","11.4"
"C.J. Ham","MIN","RB115","3.0","13.6","1.0","5.3","34.8","0.1","0.0","11.3"
"Michael Carter","ARI","RB116","9.6","41.2","0.2","6.6","45.0","0.3","0.0","11.3"
"Jaheim Bell","NE","TE77","0.0","0.0","0.0","7.6","73.1","0.6","0.0","11.1"
"Cedrick Wilson Jr.","NO","WR161","0.0","2.0","0.0","6.9","77.5","0.5","0.0","11.0"
"Gavin Bartholomew","MIN","TE78","0.0","0.0","0.0","7.0","75.0","0.6","0.0","11.0"
"Jamal Agnew","ATL","WR162","0.0","0.0","0.0","7.1","73.5","0.6","0.1","10.8"
"Devontez Walker","BAL","WR163","0.0","1.7","0.0","4.9","67.4","0.6","0.0","10.7"
"Bo Melton","GB","WR164","0.0","0.0","0.0","6.2","73.8","0.6","0.0","10.7"
"Brevyn Spann-Ford","DAL","TE79","0.0","0.0","0.0","7.3","69.7","0.6","0.0","10.7"
"LeQuint Allen Jr.","JAC","RB117","4.0","50.9","0.6","3.0","22.0","0.0","0.0","10.6"
"Raheem Blackshear","CAR","RB118","23.0","66.0","0.4","2.9","21.0","0.1","0.5","10.4"
"Ben Skowronek","PIT","WR165","0.0","0.0","0.0","6.5","72.2","0.5","0.0","10.3"
"Lucas Krull","DEN","TE80","0.0","0.0","0.0","8.3","79.8","0.4","0.0","10.3"
"Quintin Morris","JAC","TE81","0.0","0.0","0.0","7.9","71.5","0.5","0.0","10.3"
"Carson Steele","KC","RB119","26.9","69.9","0.3","4.1","21.9","0.1","0.7","10.1"
"Devin Culp","TB","TE82","0.0","0.0","0.0","6.1","65.7","0.6","0.0","10.1"
"Charlie Kolar","BAL","TE83","0.0","1.0","0.0","5.7","71.7","0.4","0.0","9.9"
"Jordan Mims","TEN","RB120","14.8","62.2","0.3","2.0","14.1","0.1","0.0","9.9"
"Tanner McLachlan","CIN","TE84","0.0","0.0","0.0","7.0","68.5","0.5","0.0","9.9"
"Hunter Long","JAC","TE85","0.0","0.0","0.0","8.4","76.0","0.4","0.0","9.8"
"Irvin Charles","NYJ","WR166","0.0","0.0","0.0","6.5","70.0","0.5","0.0","9.8"
"Giovanni Ricci","MIN","TE86","0.0","0.0","0.0","8.0","96.0","0.0","0.0","9.6"
"Maurice Alexander","CHI","WR167","0.0","0.0","0.0","6.4","70.3","0.4","0.0","9.6"
"Samori Toure","CHI","WR168","0.0","0.0","0.0","6.3","69.8","0.4","0.0","9.4"
"Brenden Bates","CLE","TE87","0.0","0.0","0.0","6.5","61.6","0.5","0.0","9.4"
"John Bates","WAS","TE88","0.0","0.0","0.0","5.9","54.9","0.6","0.0","9.3"
"Kenny Yeboah","DET","TE89","0.0","0.0","0.0","6.0","60.5","0.5","0.0","9.0"
"David Moore","CAR","WR169","0.0","0.0","0.0","5.9","73.4","0.3","0.0","9.0"
"Xavier Weaver","ARI","WR170","0.0","0.0","0.0","5.2","61.4","0.5","0.0","9.0"
"Luke Farrell","SF","TE90","0.0","0.0","0.0","6.8","64.8","0.4","0.0","9.0"
"Malik Heath","GB","WR171","0.0","0.0","0.0","5.5","62.2","0.5","0.0","8.9"
"Tommy Mellott","LV","QB1","4.0","24.1","0.2","3.7","43.6","0.2","0.0","8.9"
"Eric Saubert","SEA","TE91","0.0","0.0","0.0","6.8","59.8","0.5","0.0","8.7"
"Luke Lachey","HOU","TE92","0.0","0.0","0.0","5.5","56.0","0.5","0.0","8.6"
"Hassan Haskins","LAC","RB121","16.5","37.3","0.3","1.7","15.3","0.3","0.3","8.6"
"Travis Vokolek","ARI","TE93","0.0","0.0","0.0","5.5","55.0","0.5","0.0","8.5"
"Brayden Willis","SF","TE94","0.0","0.0","0.0","4.5","54.0","0.5","0.0","8.4"
"Dare Ogunbowale","HOU","RB122","6.5","28.7","0.1","4.9","37.7","0.2","0.0","8.3"
"Ian Thomas","LV","TE95","0.0","0.0","0.0","6.6","58.6","0.4","0.0","8.2"
"Stone Smartt","NYJ","TE96","0.0","0.0","0.0","5.5","66.7","0.4","0.3","8.2"
"Thomas Fidone II","NYG","TE97","0.0","0.0","0.0","5.5","51.5","0.5","0.0","8.2"
"Cam Grandy","CIN","TE98","0.0","0.0","0.0","6.2","54.3","0.4","0.0","8.1"
"Johnny Wilson","PHI","WR172","0.0","0.0","0.0","4.4","55.3","0.4","0.0","8.1"
"Caleb Lohner","DEN","TE99","0.0","0.0","0.0","5.5","51.0","0.5","0.0","8.1"
"Ben Sims","GB","TE100","0.0","0.0","0.0","5.0","50.5","0.5","0.0","8.1"
"Jackson Hawes","BUF","TE101","0.0","0.0","0.0","5.3","56.8","0.4","0.0","8.0"
"Julius Chestnut","TEN","RB123","9.9","30.3","0.1","4.4","31.6","0.2","0.0","7.9"
"Frank Gore Jr.","BUF","RB124","10.2","42.8","0.2","2.0","15.0","0.1","0.0","7.7"
"Justin Watson","HOU","WR173","0.0","0.0","0.0","4.4","60.2","0.3","0.0","7.7"
"Jared Wiley","KC","TE102","0.0","0.0","0.0","5.4","53.1","0.4","0.0","7.6"
"Derius Davis","LAC","WR174","10.5","35.4","0.2","2.8","31.2","0.1","0.6","7.5"
"Patrick Ricard","BAL","RB125","4.1","11.5","0.1","3.4","27.6","0.5","0.0","7.4"
"Greg Dulcich","NYG","TE103","0.0","0.0","0.0","5.0","53.0","0.3","0.0","7.3"
"Deuce Vaughn","DAL","RB126","8.9","35.0","0.1","3.2","21.5","0.1","0.0","7.0"
"Gary Brightwell","CIN","RB127","8.0","33.7","0.2","2.4","17.1","0.1","0.0","6.9"
"Dante Pettis","NO","WR175","2.1","9.7","0.0","4.0","46.4","0.2","0.0","6.8"
"Durham Smythe","CHI","TE104","0.0","0.0","0.0","5.4","45.7","0.4","0.0","6.7"
"Chris Manhertz","NYG","TE105","0.0","0.0","0.0","4.9","44.0","0.4","0.0","6.6"
"Tyquan Thornton","KC","WR176","0.0","0.0","0.0","3.4","45.9","0.3","0.0","6.4"
"Tez Johnson","TB","WR177","0.0","0.0","0.0","4.0","49.3","0.2","0.0","6.3"
"Kendric Pryor","CIN","WR178","0.0","0.0","0.0","3.9","42.8","0.3","0.0","6.3"
"Trishton Jackson","ARI","WR179","0.0","0.0","0.0","3.4","40.7","0.3","0.0","6.1"
"David Bell","CLE","WR180","0.0","0.0","0.0","6.0","60.0","0.0","0.0","6.0"
"Jordan Watkins","SF","WR181","4.4","15.8","0.1","2.6","32.7","0.1","0.0","6.0"
"Eric Gray","NYG","RB128","11.9","42.7","0.2","1.9","14.4","0.1","0.5","6.0"
"Jonathan Mingo","DAL","WR182","0.0","0.0","0.0","3.9","48.5","0.2","0.0","5.9"
"Jashaun Corbin","ATL","RB129","9.3","35.1","0.2","1.5","10.6","0.0","0.0","5.7"
"John Metchie III","PHI","WR183","0.0","0.0","0.0","3.6","41.0","0.2","0.0","5.5"
"Charlie Jones","CIN","WR184","0.0","1.7","0.0","3.4","39.6","0.2","0.0","5.4"
"Jalen Brooks","DAL","WR185","0.0","0.0","0.0","3.4","39.4","0.2","0.0","5.4"
"Will Mallory","IND","TE106","0.0","0.0","0.0","3.5","34.8","0.3","0.0","5.2"
"Mo Alie-Cox","IND","TE107","0.0","0.0","0.0","3.4","37.2","0.2","0.0","5.2"
"Bryce Oliver","TEN","WR186","0.0","0.0","0.0","3.4","38.2","0.2","0.0","5.1"
"Davis Allen","LAR","TE108","0.0","0.0","0.0","4.1","38.4","0.2","0.0","5.1"
"Dareke Young","SEA","WR187","0.0","0.0","0.0","3.3","37.7","0.2","0.0","5.0"
"Cody White","SEA","WR188","0.0","0.0","0.0","3.3","37.6","0.2","0.0","5.0"
"Tip Reiman","ARI","TE109","0.0","0.0","0.0","4.4","43.0","0.1","0.0","5.0"
"Irv Smith Jr.","HOU","TE110","0.0","0.0","0.0","4.0","33.8","0.3","0.0","5.0"
"Austin Trammell","JAC","WR189","0.0","0.0","0.0","3.4","40.1","0.2","0.0","5.0"
"Xavier Gipson","NYJ","WR190","0.0","2.5","0.0","4.2","54.3","0.0","0.5","4.9"
"Hunter Luepke","DAL","RB130","4.2","14.5","0.1","3.9","26.7","0.1","0.0","4.8"
"Britain Covey","LAR","WR191","2.2","13.7","0.1","1.8","21.0","0.1","0.0","4.8"
"Dee Eskridge","MIA","WR192","0.0","1.7","0.0","3.0","32.8","0.2","0.0","4.7"
"Miles Boykin","CHI","WR193","0.0","0.0","0.0","3.2","37.0","0.2","0.0","4.7"
"Dominique Dafney","CAR","TE111","0.0","0.0","0.0","3.6","35.4","0.2","0.0","4.6"
"DeeJay Dallas","ARI","RB131","5.8","22.2","0.1","3.2","21.4","0.1","0.5","4.4"
"Lil'Jordan Humphrey","NYG","WR194","0.0","0.0","0.0","4.0","44.0","0.0","0.0","4.4"
"Brycen Tremayne","CAR","WR195","0.0","0.0","0.0","3.0","33.8","0.2","0.0","4.4"
"Kylen Granson","PHI","TE112","0.0","0.0","0.0","3.1","33.3","0.2","0.0","4.3"
"Mitchell Evans","CAR","TE113","0.0","0.0","0.0","4.0","39.7","0.1","0.0","4.3"
"Ainias Smith","PHI","WR196","0.0","0.0","0.0","3.0","32.4","0.2","0.0","4.3"
"Scotty Miller","PIT","WR197","0.0","0.0","0.0","3.1","37.4","0.1","0.0","4.2"
"Tucker Fisk","LAC","TE114","0.0","0.0","0.0","3.3","31.8","0.2","0.0","4.1"
"Tyler Scott","CHI","WR198","0.0","1.7","0.0","2.8","30.1","0.1","0.0","4.0"
"Trey Sermon","PIT","RB132","5.0","20.8","0.1","1.6","11.5","0.1","0.0","3.9"
"Devin Duvernay","CHI","WR199","0.0","2.0","0.0","3.6","35.2","0.2","0.5","3.9"
"Mecole Hardman Jr.","GB","WR200","0.0","2.0","0.0","3.0","33.6","0.2","0.5","3.8"
"Zonovan Knight","ARI","RB133","2.4","10.1","0.1","2.1","15.3","0.1","0.0","3.6"
"Tanner Hudson","CIN","TE115","0.0","0.0","0.0","3.0","26.7","0.2","0.0","3.6"
"Ryan Flournoy","DAL","WR201","0.0","0.0","0.0","2.4","25.6","0.2","0.0","3.5"
"Elijah Dotson","ATL","RB134","2.6","10.9","0.1","2.0","14.1","0.1","0.0","3.5"
"Nick Nash","ATL","WR202","0.0","0.0","0.0","3.0","35.0","0.0","0.0","3.5"
"Velus Jones Jr.","NO","WR203","2.4","10.4","0.1","1.9","13.6","0.1","0.0","3.4"
"Mitchell Tinsley","CIN","WR204","0.0","0.0","0.0","2.0","22.7","0.2","0.0","3.3"
"Terrell Jennings","NE","RB135","2.4","10.1","0.1","1.9","14.6","0.1","0.0","3.3"
"Erick All Jr.","CIN","TE116","0.0","0.0","0.0","2.4","20.8","0.2","0.0","3.1"
"Tanner Conner","MIA","TE117","0.0","0.0","0.0","2.1","20.5","0.2","0.0","2.9"
"Zach Davidson","BUF","TE118","0.0","0.0","0.0","1.9","19.1","0.2","0.0","2.9"
"Anthony Gould","IND","WR205","0.0","2.5","0.0","1.8","22.8","0.1","0.0","2.8"
"Jacob Cowing","SF","WR206","0.0","8.5","0.0","1.1","14.9","0.1","0.0","2.8"
"Israel Abanikanda","GB","RB136","2.4","10.2","0.1","1.0","7.3","0.1","0.0","2.7"
"Laviska Shenault Jr.","BUF","WR207","0.0","0.0","0.0","1.8","19.5","0.1","0.0","2.7"
"Ashton Dulin","IND","WR208","0.0","1.7","0.0","1.7","19.5","0.1","0.0","2.7"
"Jack Stoll","NO","TE119","0.0","0.0","0.0","2.5","23.7","0.0","0.0","2.6"
"David Martin-Robinson","TEN","TE120","0.0","0.0","0.0","1.9","18.6","0.1","0.0","2.6"
"Trent Sherfield Sr.","DEN","WR209","0.0","0.0","0.0","1.8","20.9","0.1","0.0","2.6"
"Isaiah Williams","CIN","WR210","0.0","0.0","0.0","1.6","18.8","0.1","0.0","2.6"
"Feleipe Franks","ATL","QB2","0.0","0.0","0.0","1.8","17.7","0.1","0.0","2.5"
"Blake Whiteheart","CLE","TE121","0.0","0.0","0.0","2.0","18.5","0.1","0.0","2.5"
"Tank Dell","HOU","WR211","0.0","0.0","0.0","2.0","24.0","0.0","0.0","2.4"
"Isaiah Neyor","GB","WR212","0.0","0.0","0.0","2.0","24.0","0.0","0.0","2.4"
"Jase McClellan","TB","RB137","0.0","17.0","0.0","1.0","7.0","0.0","0.0","2.4"
"Steven Sims Jr.","SEA","WR213","0.0","0.0","0.0","1.7","17.0","0.1","0.0","2.3"
"James Mitchell","CAR","TE122","0.0","0.0","0.0","1.8","17.8","0.1","0.0","2.3"
"Zach Pascal","NYG","WR214","0.0","0.0","0.0","1.5","17.7","0.1","0.0","2.3"
"Kevin Austin Jr.","NO","WR215","0.0","0.0","0.0","1.6","18.9","0.1","0.0","2.2"
"Dylan Laube","LV","RB138","0.0","10.0","0.0","1.5","11.0","0.0","0.0","2.1"
"Carlos Washington Jr.","ATL","RB139","0.0","15.0","0.0","0.5","3.5","0.0","0.0","1.9"
"Scott Matlock","LAC","DT1","0.0","0.0","0.0","2.2","14.7","0.1","0.0","1.8"
"Raheim Sanders","LAC","RB140","0.0","10.5","0.0","1.0","7.5","0.0","0.0","1.8"
"Jimmy Horn Jr.","CAR","WR216","0.0","0.0","0.0","1.5","18.0","0.0","0.0","1.8"
"Jason Brownlee","KC","WR217","0.0","0.0","0.0","1.0","14.0","0.0","0.0","1.4"
"Tyler Badie","DEN","RB141","0.0","10.5","0.0","0.5","3.5","0.0","0.0","1.4"
"Phil Mafah","DAL","RB142","0.0","10.5","0.0","0.5","3.5","0.0","0.0","1.4"
"Trayveon Williams","CLE","RB143","1.2","5.1","0.0","1.0","7.0","0.0","0.0","1.4"
"Braxton Berrios","HOU","WR218","0.0","2.5","0.0","1.0","10.5","0.0","0.0","1.3"
"Chris Moore","WAS","WR219","0.0","0.0","0.0","1.0","13.0","0.0","0.0","1.3"
"LaJohntay Wester","BAL","WR220","0.0","0.0","0.0","1.0","12.0","0.0","0.0","1.2"
"George Holani","SEA","RB144","0.0","8.5","0.0","0.5","3.5","0.0","0.0","1.2"
"D'Ernest Johnson","BAL","RB145","0.0","8.5","0.0","0.5","3.5","0.0","0.0","1.2"
"Robert Tonyan","KC","TE123","0.0","0.0","0.0","1.0","10.0","0.0","0.0","1.0"
"Nick Vannett","MIN","TE124","0.0","0.0","0.0","1.0","10.0","0.0","0.0","1.0"
"Avery Williams","PHI","RB146","1.4","5.7","0.0","1.6","10.9","0.1","0.5","1.0"
"Keilan Robinson","PHI","RB147","0.0","2.0","0.0","1.0","7.0","0.0","0.0","0.9"
"Sione Vaki","DET","RB148","0.0","4.5","0.0","0.5","3.5","0.0","0.0","0.8"
"JaMycal Hasty","NE","RB149","0.0","4.0","0.0","0.5","3.5","0.0","0.0","0.8"
"Nikko Remigio","KC","WR221","0.0","0.0","0.0","0.5","6.5","0.0","0.0","0.7"
"Harrison Bryant","HOU","TE125","0.0","0.0","0.0","0.5","5.5","0.0","0.0","0.6"
"Ihmir Smith-Marsette","NYG","WR222","0.0","2.5","0.0","0.8","9.5","0.1","0.5","0.5"
"Trenton Irwin","JAC","WR223","0.0","5.0","0.0","0.0","0.0","0.0","0.0","0.5"
"Xavier Smith","LAR","WR224","0.0","2.5","0.0","1.0","11.0","0.0","0.5","0.4"
"Tom Kennedy","DET","WR225","0.0","0.0","0.0","0.0","0.0","0.0","0.0","0.0"
"Mason Kinsey","TEN","WR226","0.0","0.0","0.0","0.0","0.0","0.0","0.0","0.0"
"Laquon Treadwell","IND","WR227","0.0","0.0","0.0","0.0","0.0","0.0","0.0","0.0"
"River Cracraft","WAS","WR228","0.0","0.0","0.0","0.0","0.0","0.0","0.0","0.0"
"Trent Taylor","SF","WR229","0.0","0.0","0.0","0.0","0.0","0.0","0.0","0.0"
"Keith Kirkwood","BAL","WR230","0.0","0.0","0.0","0.0","0.0","0.0","0.0","0.0"
"Phillip Dorsett II","LV","WR231","0.0","0.0","0.0","0.0","0.0","0.0","0.0","0.0"
"Myles Gaskin","BAL","RB150","0.0","0.0","0.0","0.0","0.0","0.0","0.0","0.0"
"Nyheim Miller-Hines","LAC","RB151","0.0","0.0","0.0","0.0","0.0","0.0","0.0","0.0"
"Mike Boone","MIA","RB152","0.0","0.0","0.0","0.0","0.0","0.0","0.0","0.0"
"Andrew Beck","NYJ","TE126","0.0","0.0","0.0","0.0","0.0","0.0","0.0","0.0"
"Jakob Johnson","HOU","RB153","0.0","0.0","0.0","0.0","0.0","0.0","0.0","0.0"
"Ke'Shawn Vaughn","SF","RB154","0.0","0.0","0.0","0.0","0.0","0.0","0.0","0.0"
"Salvon Ahmed","IND","RB155","0.0","0.0","0.0","0.0","0.0","0.0","0.0","0.0"
"Reggie Gilliam","BUF","RB156","0.0","0.0","0.0","0.0","0.0","0.0","0.0","0.0"
"Jonathan Ward","NYG","RB157","0.0","0.0","0.0","0.0","0.0","0.0","0.0","0.0"
"Jermar Jefferson","TEN","RB158","0.0","0.0","0.0","0.0","0.0","0.0","0.0","0.0"
"Demetric Felton Jr.","WAS","RB159","0.0","0.0","0.0","0.0","0.0","0.0","0.0","0.0"
"Kene Nwangwu","NYJ","RB160","0.0","0.0","0.0","0.0","0.0","0.0","0.0","0.0"
"Jaret Patterson","LAC","RB161","0.0","0.0","0.0","0.0","0.0","0.0","0.0","0.0"
"Deon Jackson","DET","RB162","0.0","0.0","0.0","0.0","0.0","0.0","0.0","0.0"
"Adam Prentice","DEN","RB163","0.0","0.0","0.0","0.0","0.0","0.0","0.0","0.0"
"Tyrion Davis-Price","GB","RB164","0.0","0.0","0.0","0.0","0.0","0.0","0.0","0.0"
"Keaontay Ingram","KC","RB165","0.0","0.0","0.0","0.0","0.0","0.0","0.0","0.0"
"Brittain Brown","CHI","RB166","0.0","0.0","0.0","0.0","0.0","0.0","0.0","0.0"
"Malik Davis","DAL","RB167","0.0","0.0","0.0","0.0","0.0","0.0","0.0","0.0"
"Evan Hull","PIT","RB168","0.0","0.0","0.0","0.0","0.0","0.0","0.0","0.0"
"Lew Nichols III","PIT","RB169","0.0","0.0","0.0","0.0","0.0","0.0","0.0","0.0"
"Deneric Prince","NE","RB170","0.0","0.0","0.0","0.0","0.0","0.0","0.0","0.0"
"Ben VanSumeren","PHI","LB1","0.0","0.0","0.0","0.0","0.0","0.0","0.0","0.0"
"Brady Russell","SEA","TE127","0.0","0.0","0.0","0.0","0.0","0.0","0.0","0.0"
"Owen Wright","TB","RB171","0.0","0.0","0.0","0.0","0.0","0.0","0.0","0.0"
"Jonathon Brooks","CAR","RB172","0.0","0.0","0.0","0.0","0.0","0.0","0.0","0.0"
"Jawhar Jordan","HOU","RB173","0.0","0.0","0.0","0.0","0.0","0.0","0.0","0.0"
"Dante Miller","NYG","RB174","0.0","0.0","0.0","0.0","0.0","0.0","0.0","0.0"
"Blake Watson","DEN","RB175","0.0","0.0","0.0","0.0","0.0","0.0","0.0","0.0"
"Jacob Saylors","DET","RB176","0.0","0.0","0.0","0.0","0.0","0.0","0.0","0.0"
"Michael Wiley","KC","RB177","0.0","0.0","0.0","0.0","0.0","0.0","0.0","0.0"
"British Brooks","HOU","RB178","0.0","0.0","0.0","0.0","0.0","0.0","0.0","0.0"
"Cody Schrader","LAR","RB179","0.0","0.0","0.0","0.0","0.0","0.0","0.0","0.0"
"Aaron Shampklin","MIA","RB180","0.0","0.0","0.0","0.0","0.0","0.0","0.0","0.0"
"Kendall Milton","CIN","RB181","0.0","0.0","0.0","0.0","0.0","0.0","0.0","0.0"
"Chris Collier","LV","RB182","0.0","0.0","0.0","0.0","0.0","0.0","0.0","0.0"
"Donovan Edwards","NYJ","RB183","0.0","0.0","0.0","0.0","0.0","0.0","0.0","0.0"
"Tyree Jackson","WAS","TE128","0.0","0.0","0.0","0.0","0.0","0.0","0.0","0.0"
"Stephen Carlson","CHI","TE129","0.0","0.0","0.0","0.0","0.0","0.0","0.0","0.0"
"Josiah Deguara","ARI","TE130","0.0","0.0","0.0","0.0","0.0","0.0","0.0","0.0"
"Dalton Keene","HOU","TE131","0.0","0.0","0.0","0.0","0.0","0.0","0.0","0.0"
"Albert Okwuegbunam Jr.","LV","TE132","0.0","0.0","0.0","0.0","0.0","0.0","0.0","0.0"
"Sean McKeon","IND","TE133","0.0","0.0","0.0","0.0","0.0","0.0","0.0","0.0"
"Matt Sokol","BUF","TE134","0.0","0.0","0.0","0.0","0.0","0.0","0.0","0.0"
"Shane Zylstra","DET","TE135","0.0","0.0","0.0","0.0","0.0","0.0","0.0","0.0"
"Tyler Mabry","CAR","TE136","0.0","0.0","0.0","0.0","0.0","0.0","0.0","0.0"
"Ko Kieft","TB","TE137","0.0","0.0","0.0","0.0","0.0","0.0","0.0","0.0"
"Cole Turner","WAS","TE138","0.0","0.0","0.0","0.0","0.0","0.0","0.0","0.0"
"John FitzPatrick","GB","TE139","0.0","0.0","0.0","0.0","0.0","0.0","0.0","0.0"
"Nick Muse","PHI","TE140","0.0","0.0","0.0","0.0","0.0","0.0","0.0","0.0"
"Jake Tonges","SF","TE141","0.0","0.0","0.0","0.0","0.0","0.0","0.0","0.0"
"Nikola Kalinic","ATL","TE142","0.0","0.0","0.0","0.0","0.0","0.0","0.0","0.0"
"Cameron Latu","PHI","TE143","0.0","0.0","0.0","0.0","0.0","0.0","0.0","0.0"
"Justin Shorter","LV","WR232","0.0","0.0","0.0","0.0","0.0","0.0","0.0","0.0"
"Zack Kuntz","NYJ","TE144","0.0","0.0","0.0","0.0","0.0","0.0","0.0","0.0"
"Princeton Fant","DAL","TE145","0.0","0.0","0.0","0.0","0.0","0.0","0.0","0.0"
"Cole Fotheringham","NE","TE146","0.0","0.0","0.0","0.0","0.0","0.0","0.0","0.0"
"John Stephens Jr.","DAL","WR233","0.0","0.0","0.0","0.0","0.0","0.0","0.0","0.0"
"Colson Yankoff","WAS","TE147","0.0","0.0","0.0","0.0","0.0","0.0","0.0","0.0"
"Thomas Odukoya","TEN","TE148","0.0","0.0","0.0","0.0","0.0","0.0","0.0","0.0"
"E.J. Jenkins","PHI","TE149","0.0","0.0","0.0","0.0","0.0","0.0","0.0","0.0"
"Baylor Cupp","BAL","TE150","0.0","0.0","0.0","0.0","0.0","0.0","0.0","0.0"
"Jack Westover","NE","TE151","0.0","0.0","0.0","0.0","0.0","0.0","0.0","0.0"
"Moliki Matavao","NO","TE152","0.0","0.0","0.0","0.0","0.0","0.0","0.0","0.0"
"Mitchell Wilcox","MIA","TE153","0.0","0.0","0.0","0.0","0.0","0.0","0.0","0.0"
""
""